LOOKUP_VALUE,LOOKUP_RESULT
0100-AI-63L9004-AS20-00,FPSO-CL-TS-AD-02
0100-AS-63L9001-AS20-00,FPSO-CL-TS-AD-02
0100-AS-63L9002-AS20-00,FPSO-CL-TS-AD-02
0100-AS-63L9005-AS20-00,FPSO-CL-TS-AD-02
0100-DC-57L9001-AS20-00,FPSO-CL-TS-DC-03
0100-DC-57L9002-AS20-00,FPSO-CL-TS-DC-03
0100-DC-57L9002-AS20-E-25,FPSO-CL-TS-DC-03
0100-DC-57L9003-AS20-00,FPSO-CL-TS-DC-03
0100-DC-57L9005-AS20-E-25,FPSO-CL-TS-DC-03
0100-GN-67L9000-AS20-00,FPSO-CL-TS-GN-02
0100-VA-43L9001-AS20-00,FPSO-CL-TS-VA-02
0100-VA-43L9002-AS20-00,FPSO-CL-TS-VA-02
0100-WF-71L9005-AK11-00,FPSO-CL-TS-WF-01
0100-WZ-53L9001-AS20-00,FPSO-CL-TS-WD-03
0100-WZ-53L9002-AS20-00,FPSO-CL-TS-WD-03
0200-AI-63L9003-AS20-00,FPSO-CL-TS-AD-02
0200-DC-57L9006-AC21-00,FPSO-CL-TS-DC-01
0200-DC-57L9008-AS20-00,FPSO-CL-TS-DC-03
0200-DC-57L9008-AS20-E-25,FPSO-CL-TS-DC-03
0200-DH-56L9003-AC21M-00,FPSO-CL-TS-DC-01
0200-DN-56L9004-AC21M-00,FPSO-CL-TS-DN-01
0200-VA-43L9000-AC21-00,FPSO-CL-TS-VA-01
0200-VA-43L9004-AC21-00,FPSO-CL-TS-VA-01
0200-WS-50L9000-AG70-00,FPSO-CL-TS-WS-02
0200-WS-50L9001-AG70-00,FPSO-CL-TS-WS-02
0200-WZ-53L9000-AS20-00,FPSO-CL-TS-WD-03
0300-WF-71L9002-AK11-00,FPSO-CL-TS-WF-01
0300-WF-71L9003-AK11-00,FPSO-CL-TS-WF-01
0300-WF-71L9004-AK11-00,FPSO-CL-TS-WF-01
0400-WF-71L9001-AK11-00,FPSO-CL-TS-WF-01
0600-DH-56L9000-AC21M-00,FPSO-CL-TS-DC-01
0600-WF-71L9000-AK11-00,FPSO-CL-TS-WF-01
0600-WF-XXXXXXX-AK11-00,FPSO-CL-TS-WF-01
"1""-AI-XXXXX-01E01",FPSO-CL-TS-AD-01
"1.5"" AFFF",FPSO-CL-TS-WF-02
100-DC-57035-01C02,FPSO-CL-TS-DC-01
100-DC-57036-01C02,FPSO-CL-TS-DC-01
100-DC-57037-01C02,FPSO-CL-TS-DC-01
100-DC-57038-01C02,FPSO-CL-TS-DC-01
100-DC-57075-01C02,FPSO-CL-TS-DC-01
100-DC-57307-01C03,FPSO-CL-TS-DC-02
100-DH-56009-01C02,FPSO-CL-TS-DH-01
100-DH-56082-01C02,FPSO-CL-TS-DH-01
100-DH-56083-01C02,FPSO-CL-TS-DH-01
100-DH-56084-01C02,FPSO-CL-TS-DH-01
100-DH-56086-01C02,FPSO-CL-TS-DH-01
100-DH-56087-01C02,FPSO-CL-TS-DH-01
100-DH-56088-01C02,FPSO-CL-TS-DH-01
100-DH-56561-01C02,FPSO-CL-TS-DH-01
100-DN-56089-01C02,FPSO-CL-TS-DN-01
100-FG-45001-09C02,FPSO-CL-TS-PG-08
100-FG-45006-03C02-E,FPSO-CL-TS-FG-02
100-FG-45007-03C02-E,FPSO-CL-TS-FG-02
100-FG-45008-03C02-E,FPSO-CL-TS-FG-02
100-FG-45017-03C02,FPSO-CL-TS-FG-04
100-FG-45022-01C02,FPSO-CL-TS-FG-01
100-FG-45032-03C02,FPSO-CL-TS-FG-04
100-FG-45041-01C02,FPSO-CL-TS-FG-01
100-FG-45043-03C02-E,FPSO-CL-TS-FG-02
100-FG-45047-03C02-E,FPSO-CL-TS-FG-02
100-FG-45304-03C02,FPSO-CL-TS-FG-06
100-FG-45305-03C02,FPSO-CL-TS-FG-06
100-FG-45504-03C02-E,FPSO-CL-TS-FG-02
100-FG-45507-03C02-E,FPSO-CL-TS-FG-02
100-FH-43035-01C02,FPSO-CL-TS-FH-01
100-FH-43036-01C02,FPSO-CL-TS-FH-01
100-FH-43075-01C02,FPSO-CL-TS-FH-01
100-FH-43100-01C02,FPSO-CL-TS-FH-01
100-FH-43101-01C02,FPSO-CL-TS-FH-01
100-FH-43102-01C02,FPSO-CL-TS-FH-01
100-FH-43104-01C02,FPSO-CL-TS-FH-01
100-FH-43105-01C02,FPSO-CL-TS-FH-01
100-FH-43106-01C02,FPSO-CL-TS-FH-01
100-FH-43126-01C02,FPSO-CL-TS-FH-01
100-FH-43142-01C02,FPSO-CL-TS-FH-01
100-FH-43144-01C02,FPSO-CL-TS-FH-01
100-FH-43147-01C02,FPSO-CL-TS-FH-01
100-FH-43507-01C02,FPSO-CL-TS-FH-01
100-FL-43154-01C02,FPSO-CL-TS-FL-01
100-FL-43455-01C02-P,FPSO-CL-TS-FL-02
100-OC-33908-XXX,FPSO-CL-MA-OC-02
100-OL-69001-01S01,FPSO-CL-TS-OL-01
100-OL-69002-01S01,FPSO-CL-TS-OL-01
100-PG-20056-01C03-P,FPSO-CL-TS-PG-01
100-PG-23028-25C02-P,FPSO-CL-TS-PG-08
100-PG-23049-25C02-P,FPSO-CL-TS-PG-08
100-PG-23071-01C03,FPSO-CL-TS-PG-01
100-PG-23072-03C03,FPSO-CL-TS-PG-01
100-PG-23405-03C02-P,FPSO-CL-TS-RP-01
100-PG-23406-03C03,FPSO-CL-TS-RP-01
100-PG-23409-01C03,FPSO-CL-TS-RP-01
100-PG-23410-01C03,FPSO-CL-TS-RP-01
100-PG-23413-01C03-A,FPSO-CL-TS-RP-01
100-PG-23415-01C03,FPSO-CL-TS-RP-01
100-PG-23503-03C03-A,FPSO-CL-TS-PG-03
100-PL-20068-01C02-P,FPSO-CL-TS-PL-01
100-PL-20069-01C02-P,FPSO-CL-TS-PL-01
100-PL-20070-01C02-P,FPSO-CL-TS-PL-01
100-PL-43039-01C02,RD-01
100-PL-43040-01C02,RD-01
100-PL-43041-01C02,RD-01
100-PL-43093-01C02,RD-01
100-PL-43094-01C02,RD-01
100-PW-20021-01C02-P,FPSO-CL-TS-PW-01
100-PW-20057-01C02-P,FPSO-CL-TS-PW-01
100-VA-80002-01C02,FPSO-CL-TS-VA-01
100-VA-80006-01C02,FPSO-CL-TS-VA-01
100-WC-40020-01C02,FPSO-CL-TS-WC-01
100-WC-40027-01C02,FPSO-CL-TS-WC-01
100-WC-40034-01C02,FPSO-CL-TS-WC-01
100-WC-40035-01C02,FPSO-CL-TS-WC-01
100-WC-40057-01C02,FPSO-CL-TS-WC-01
100-WC-40062-01C02,FPSO-CL-TS-WC-01
100-WC-40067-01C02,FPSO-CL-TS-WC-01
100-WC-40069-01C02,FPSO-CL-TS-WC-01
100-WC-40402-01C02,FPSO-CL-TS-WC-01
100-WC-40403-01C02,FPSO-CL-TS-WC-01
100-WC-40510-1CG,FPSO-CL-TS-WC-02
100-WC-40516-1CG,FPSO-CL-TS-WC-02
100-WC-4057-1CG,FPSO-CL-TS-WC-02
100-WF-71008-01E01,RD-01
100-WF-71009-01E01,RD-01
100-WF-71019-01E01,RD-01
100-WF-71021-01E01,RD-01
100-WF-71026-01E01,RD-01
100-WF-71027-01E01,RD-01
100-WF-71028-01E01,RD-01
100-WF-71036-01E01,RD-01
100-WF-71037-01E01,RD-01
100-WF-71039-01E01,RD-01
100-WF-71308-01K01,FPSO-CL-TS-WF-01
100-WF-71309-01K01,FPSO-CL-TS-WF-01
100-WF-71315-01K01,FPSO-CL-TS-WF-01
100-WF-71319-01K01,FPSO-CL-TS-WF-01
100-WF-71321-01K01,FPSO-CL-TS-WF-01
100-WF-71326-01K01,FPSO-CL-TS-WF-01
100-WF-71327-01K01,FPSO-CL-TS-WF-01
100-WF-71328-01K01,FPSO-CL-TS-WF-01
100-WF-71336-01K01,FPSO-CL-TS-WF-01
100-WF-71337-01K01,FPSO-CL-TS-WF-01
100-WF-71340-01K01,FPSO-CL-TS-WF-01
100-WF-71352-01K01,FPSO-CL-TS-WF-01
100-WF-71359-01K01,FPSO-CL-TS-WF-01
1000-PL-13L9006-BD20X-P-50,FPSO-CL-TS-PF-04
13-PSV-6703,WHP PSVs
13-WD-001,WHP Conductors
13-WD-002,WHP Conductors
13-WD-003,WHP Conductors
13-WD-004,WHP Conductors
13-WD-009,WHP Conductors
15-WD-53025-01E01-C,FPSO-CL-TS-WD-02
15-WZ-53816-1SS-CC,FPSO-CL-TS-WD-04
15-WZ-53818-1SS-CC,FPSO-CL-TS-WD-04
15-WZ-53820-1SS-CC,FPSO-CL-TS-WD-04
15-WZ-53855-1SS-CC,FPSO-CL-TS-WD-04
150-DC-57041-01C02,FPSO-CL-TS-DC-01
150-DC-57308-01C03,FPSO-CL-TS-DC-02
150-DC-57309-01C03,FPSO-CL-TS-DC-02
150-DH-56080-01C02,FPSO-CL-TS-DH-01
150-FG-45002-03C02,FPSO-CL-TS-FG-06
150-FG-45003-03C02,FPSO-CL-TS-FG-04
150-FG-45004-03C02,FPSO-CL-TS-FG-04
150-FG-45005-03C02-E,FPSO-CL-TS-FG-02
150-FG-45009-01C02-E,FPSO-CL-TS-FG-02
150-FG-45038-03C02,FPSO-CL-TS-FG-04
150-FG-45051-03C02,FPSO-CL-TS-FG-04
150-FG-45052-03C02,FPSO-CL-TS-FG-04
150-FG-45505-01C02,FPSO-CL-TS-FG-01
150-FH-43017-01C02,FPSO-CL-TS-FH-01
150-FH-43026-01C02,FPSO-CL-TS-FH-01
150-FH-43027-01C02,FPSO-CL-TS-FH-01
150-FH-43116-01C02,FPSO-CL-TS-FH-01
150-FH-43121-01C02,FPSO-CL-TS-FH-01
150-FH-43127-01C02,FPSO-CL-TS-FH-01
150-FH-43134-01C02,RD-01
150-FH-43136-01C02,FPSO-CL-TS-FH-01
150-FH-43141-01C02,FPSO-CL-TS-FH-01
150-FH-43148-01S01,FPSO-CL-TS-FH-02
150-FH-43149-01S01,FPSO-CL-TS-FH-02
150-FH-43157-01C02,FPSO-CL-TS-FH-01
150-FH-43300-25S01-P,FPSO-CL-TS-FH-02
150-FH-43301-01S01,FPSO-CL-TS-FH-02
150-FH-43313-01S01-P,FPSO-CL-TS-FH-02
150-FH-43407-01C02,FPSO-CL-TS-FH-01
150-FH-43502-01C02,FPSO-CL-TS-FH-01
150-FH-43505-01C02,FPSO-CL-TS-FH-01
150-FH-43517-01C02,FPSO-CL-TS-FH-01
150-FH-43518-01C02,FPSO-CL-TS-FH-01
150-FL-43076-01C02,FPSO-CL-TS-FL-01
150-FL-43084-01C02,FPSO-CL-TS-FL-01
150-FL-43174-01C02,FPSO-CL-TS-FL-01
150-FL-43175-01C02,FPSO-CL-TS-FL-01
150-FL-43304-01C02,FPSO-CL-TS-FL-01
150-FL-43450-01C02-P,FPSO-CL-TS-FL-02
150-FL-43451-01C02,FPSO-CL-TS-FL-01
150-FL-43452-01C02,FPSO-CL-TS-FL-02
150-FL-43453-01C02,FPSO-CL-TS-FL-01
150-FL-43458-01C02,FPSO-CL-TS-FL-01
150-FL-43514-01C02,FPSO-CL-TS-FL-01
150-OC-33800-1LC,FPSO-CL-MA-OC-03
150-OC-33806-1LC,FPSO-CL-MA-OC-03
150-OC-33914-XXX,FPSO-CL-MA-OC-02
150-PG-20009-01C03-P,FPSO-CL-TS-PG-01
150-PG-20031-01C03-P,FPSO-CL-TS-PG-01
150-PG-20043-01D01-P,FPSO-CL-TS-PG-02
150-PG-20054-01C03-P,FPSO-CL-TS-PG-01
150-PG-20055-01C03-P,FPSO-CL-TS-PG-01
150-PG-20062-01C03-P,FPSO-CL-TS-PG-01
150-PG-20507-01C03-P,FPSO-CL-TS-PG-01
150-PG-23010-25C02-PA,FPSO-CL-TS-PG-09
150-PG-23011-25C02-A,FPSO-CL-TS-PG-09
150-PG-23012-25C02-A,FPSO-CL-TS-PG-09
150-PG-23026-09C02-P,FPSO-CL-TS-PG-04
150-PG-23029-25C04-P,RD-01
150-PG-23037-25C02-A,FPSO-CL-TS-PG-09
150-PG-23043-06C02-P,FPSO-CL-TS-PG-04
150-PG-23045-06C02-P,FPSO-CL-TS-PG-04
150-PG-23047-09C02-P,FPSO-CL-TS-PG-04
150-PG-23402-01C02-PA,FPSO-CL-TS-RP-01
150-PG-23403-01C03-A,FPSO-CL-TS-RP-01
150-PG-23404-01D03-A,FPSO-CL-TS-RP-01
150-PG-23506-25C02,FPSO-CL-TS-PG-08
150-PG-23L9008-GD20-P-50,FPSO-CL-TS-PG-07
150-PG-23L9009-GD20-P-50,FPSO-CL-TS-PG-10
150-PL-20029-01C02-P,FPSO-CL-TS-PL-01
150-PL-20050-01C02-P,FPSO-CL-TS-PL-01
150-PL-20051-01C02-P,FPSO-CL-TS-PL-01
150-PL-20065-01C02-P,FPSO-CL-TS-PL-01
150-PL-20066-01C02-P,FPSO-CL-TS-PL-01
150-PL-20067-01C02-P,FPSO-CL-TS-PL-01
150-PL-23521-1CS,FPSO-CL-MA-OC-02
150-PL-43032-01C02,RD-01
150-PL-43303-01C02,FPSO-CL-TS-DC-01
150-PL-43304-01C02,FPSO-CL-TS-DC-01
150-PL-43305-01C02,FPSO-CL-TS-DC-01
150-PL-43309-01C02,FPSO-CL-TS-DC-01
150-SL-55001-01C02-H,FPSO-CL-TS-SD-01
150-VA-80003-01C02,FPSO-CL-TS-VA-01
150-VA-80007-01C02,FPSO-CL-TS-VA-01
150-WC-40001-01C02,FPSO-CL-TS-WC-01
150-WC-40002-01C02,FPSO-CL-TS-WC-01
150-WC-40003-01C02,FPSO-CL-TS-WC-01
150-WC-40004-01C02,FPSO-CL-TS-WC-01
150-WC-40005-01C02,FPSO-CL-TS-WC-01
150-WC-40006-01C02,FPSO-CL-TS-WC-01
150-WC-40030-01C02,FPSO-CL-TS-WC-01
150-WC-40056-01C02,FPSO-CL-TS-WC-01
150-WC-40070-01C02,FPSO-CL-TS-WC-01
150-WC-40404-01C02,FPSO-CL-TS-WC-01
150-WC-40405-01C02,FPSO-CL-TS-WC-01
150-WC-40503-1CG,FPSO-CL-TS-WC-02
150-WC-40504-1CG,FPSO-CL-TS-WC-02
150-WC-40509-1CG,FPSO-CL-TS-WC-02
150-WC-40512-1CG,FPSO-CL-TS-WC-02
150-WF-71010-01C02,RD-01
150-WF-71015-01C02,RD-01
150-WF-71023-01C02,RD-01
150-WF-71035-01C02,RD-01
150-WF-71045-01C02,RD-01
150-WF-71310-01K01,FPSO-CL-TS-WF-01
150-WF-71315-01K01,FPSO-CL-TS-WF-01
150-WF-71323-01K01,FPSO-CL-TS-WF-01
150-WF-71335-01K01,FPSO-CL-TS-WF-01
150-WF-71345-01K01,FPSO-CL-TS-WF-01
150-WF-71346-01K01,FPSO-CL-TS-WF-01
150-WF-71347-01K01,FPSO-CL-TS-WF-01
20-DC-57017-01C02,FPSO-CL-TS-DC-01
20-DC-57303-03C03,FPSO-CL-TS-DC-02
20-DC-57304-06C03,FPSO-CL-TS-DC-02
20-WZ-53814-1SS-CC,FPSO-CL-TS-WD-04
200-FH-43003-01C02,FPSO-CL-TS-FH-01
200-FH-43004-01C02,FPSO-CL-TS-FH-01
200-FH-43012-01C02,FPSO-CL-TS-FH-01
200-FH-43025-01C02,FPSO-CL-TS-FH-01
200-FH-43037-01C02,FPSO-CL-TS-FH-01
200-FH-43038-01C02,FPSO-CL-TS-FH-01
200-FH-43108-01C02,FPSO-CL-TS-FH-01
200-FH-43109-01C02,FPSO-CL-TS-FH-01
200-FH-43110-01C02,FPSO-CL-TS-FH-01
200-FH-43114-01C02,FPSO-CL-TS-FH-01
200-FH-43120-01C02,FPSO-CL-TS-FH-01
200-FH-43125-01C02,FPSO-CL-TS-FH-01
200-FH-43131-01C02,FPSO-CL-TS-FH-01
200-FH-43135-01C02,FPSO-CL-TS-FH-01
200-FH-43304-01C02,FPSO-CL-TS-FH-01
200-FH-43311-01C02,FPSO-CL-TS-FH-01
200-FH-43503-01C02,FPSO-CL-TS-FH-01
200-FH-43504-01C02,FPSO-CL-TS-FH-01
200-FH-43515-01C02,FPSO-CL-TS-FH-01
200-FH-43516-01C02,FPSO-CL-TS-FH-01
200-OC-33801-1CS,FPSO-CL-MA-OC-02
200-OC-33805-1CS,FPSO-CL-MA-OC-02
200-OC-33807-1CS,FPSO-CL-MA-OC-02
200-OC-33808-1CS,FPSO-CL-MA-OC-02
200-OC-33809-1CS,FPSO-CL-MA-OC-02
200-PG-20071-01C03-P,FPSO-CL-TS-PG-01
200-PG-20300-03C03-P,FPSO-CL-TS-PG-01
200-PG-20301-03C03-P,FPSO-CL-TS-PG-01
200-PG-20302-03C03-P,FPSO-CL-TS-PG-01
200-PG-20303-03C03-P,FPSO-CL-TS-PG-01
200-PG-23006-09C02-PA,FPSO-CL-TS-PG-05
200-PG-23007-09C03-PA,FPSO-CL-TS-PG-03
200-PG-23008-15S01-A,FPSO-CL-TS-PG-06
200-PG-23009-09C02,FPSO-CL-TS-PG-08
200-PG-23013-09C03-A,FPSO-CL-TS-PG-03
200-PG-23014-09C03-A,FPSO-CL-TS-PG-03
200-PG-23018-09C03-A,FPSO-CL-TS-PG-03
200-PG-23035-09C03-A,FPSO-CL-TS-PG-03
200-PG-23051-09C02-A,FPSO-CL-TS-PG-09
200-PG-23065-09C02-A,FPSO-CL-TS-PG-09
200-PG-23066-15D01,FPSO-CL-TS-PG-02
200-PG-23066-15S01,FPSO-CL-TS-PG-02
200-PG-23504-15S01,FPSO-CL-TS-PG-02
200-PG-23505-09C02-A,FPSO-CL-TS-PG-09
200-PG-24001-09C02,FPSO-CL-TS-PG-08
200-PL-20008-01C02-H,FPSO-CL-TS-PL-02
200-PL-20010-01C02-P,FPSO-CL-TS-PL-01
200-PL-20012-01C02-P,FPSO-CL-TS-PL-01
200-PL-20013-01C02-P,FPSO-CL-TS-PL-01
200-PL-20014-01C02-P,FPSO-CL-TS-PL-01
200-PL-20015-01C02-P,FPSO-CL-TS-PL-01
200-PL-20016-01C02-P,FPSO-CL-TS-PL-01
200-PL-20017-01C02-P,FPSO-CL-TS-PL-01
200-PL-20018-01C02-P,FPSO-CL-TS-PL-01
200-PL-20019-01C02,FPSO-CL-TS-PL-01
200-PL-20020-01C02-P,FPSO-CL-TS-PL-01
200-PL-20034-03C02-P,FPSO-CL-TS-PL-01
200-PL-20035-03C02-P,FPSO-CL-TS-PL-01
200-PL-20052-01C02-P,FPSO-CL-TS-PL-01
200-PL-20059-01C02,FPSO-CL-TS-PL-01
200-PL-43031-01C02,RD-01
200-PL-43087-01C02,RD-01
200-PL-43300-01C02-E,FPSO-CL-TS-PL-02
200-PL-43301-01C02-E,FPSO-CL-TS-PL-02
200-PL-43302-01C02-E,FPSO-CL-TS-PL-02
200-PL-43306-01C02-E,FPSO-CL-TS-PL-02
200-PL-43307-01C02-E,FPSO-CL-TS-PL-02
200-PL-43308-01C02-E,FPSO-CL-TS-PL-02
200-PW-44018-01X01,FPSO-CL-TS-PW-03
200-PW-44019-01X01,FPSO-CL-TS-PW-03
200-PW-44020-01X01,FPSO-CL-TS-PW-03
200-PW-44021-01X01,FPSO-CL-TS-PW-03
200-VA-23055-01C02,FPSO-CL-TS-FL-01
200-VA-23057-01C02,FPSO-CL-TS-VA-01
200-VA-23058-01C02,FPSO-CL-TS-VA-01
200-WC-40007-01C02,FPSO-CL-TS-WC-01
200-WC-40008-01C02-P,FPSO-CL-TS-WC-01
200-WC-40009-01C02,FPSO-CL-TS-WC-01
200-WC-40010-01C02,FPSO-CL-TS-WC-01
200-WC-40036-01C02,FPSO-CL-TS-WC-01
200-WC-40038-01C02,FPSO-CL-TS-WC-01
200-WC-40401-01C02,FPSO-CL-TS-WC-01
200-WC-40507-1CG,FPSO-CL-TS-WC-02
200-WC-40508-1CG,FPSO-CL-TS-WC-02
200-WF-71034-01C02,RD-01
200-WF-71306-01K01,FPSO-CL-TS-WF-01
200-WF-71334-01K01,FPSO-CL-TS-WF-01
200-WF-71346-01K01,FPSO-CL-TS-WF-01
23-HA-102 (shell),23-HA-102 (shell)
23-HA-102 (tube + bonnet),23-HA-102 (tube + bonnet)
23-VG-102,23-VG-102
23-VG-103,23-VG-103
23-VG-104,23-VG-104
24-VB-001,24-VB-001
25-AI-63006-01E01,FPSO-CL-TS-AD-01
25-AI-63032-01E01,FPSO-CL-TS-AD-01
25-AI-63036-01E01,FPSO-CL-TS-AD-01
25-AI-63039-01E01,FPSO-CL-TS-AD-01
25-CG-38478-01C02,FPSO-CL-TS-CG-04
25-CG-38481-01C02,FPSO-CL-TS-CG-04
25-CG-38482-01C02,FPSO-CL-TS-CG-04
25-CG-38483-01C02,FPSO-CL-TS-CG-04
25-CG-38493-01C02,FPSO-CL-TS-CG-02
25-CG-38494-01C02,FPSO-CL-TS-CG-02
25-CG-38495-01C02,FPSO-CL-TS-CG-02
25-CI-42301-01S01,FPSO-CL-TS-CI-01
25-DC-57305-09C03,FPSO-CL-TS-DC-02
25-DC-57311-01C02-P,FPSO-CL-TS-DC-01
25-DC-57312-01C02-P,FPSO-CL-TS-DC-01
25-DC-57313-01C02-P,FPSO-CL-TS-DC-01
25-DC-57314-01C02-P,FPSO-CL-TS-DC-01
25-DC-57315-01C02-P,FPSO-CL-TS-DC-01
25-DC-57318-01C02-P,FPSO-CL-TS-DC-01
25-DC-57319-01C02-P,FPSO-CL-TS-DC-01
25-DC-57320-01C02-P,FPSO-CL-TS-DC-01
25-DC-57321-01C02-P,FPSO-CL-TS-DC-01
25-DH-56142-01C02,FPSO-CL-TS-DH-01
25-DH-56143-01C02,FPSO-CL-TS-DH-01
25-DH-58451-01S01,FPSO-CL-TS-DH-02
25-DO-62007-15S01,FPSO-CL-TS-DO-02
25-DO-62008-15S01,FPSO-CL-TS-DO-02
25-FG-45033-03C02,FPSO-CL-TS-FG-04
25-FG-45034-03C02,FPSO-CL-TS-FG-04
25-FG-45039-03C02,FPSO-CL-TS-FG-04
25-FG-45040-03C02,FPSO-CL-TS-FG-04
25-FG-45450-01C02-E,FPSO-CL-TS-FG-02
25-FG-45455-01C02-E,FPSO-CL-TS-FG-02
25-GN-67300-01E01,FPSO-CL-TS-GN-01
25-GN-67301-01E01,FPSO-CL-TS-GN-01
25-OH-65803-1CS,FPSO-CL-MA-OH-01
25-OH-65804-1CS,FPSO-CL-MA-OH-01
25-OH-65805-1CS,FPSO-CL-MA-OH-01
25-OH-65806-1CS,FPSO-CL-MA-OH-01
25-OH-65807-1CS,FPSO-CL-MA-OH-01
25-OH-65808-1CS,FPSO-CL-MA-OH-01
25-OH-65809-1CS,FPSO-CL-MA-OH-01
25-OH-65810-1CS,FPSO-CL-MA-OH-01
25-OH-65811-1CS,FPSO-CL-MA-OH-01
25-OH-65812-1CS,FPSO-CL-MA-OH-01
25-OH-65813-1CS,FPSO-CL-MA-OH-01
25-OH-65814-1CS,FPSO-CL-MA-OH-01
25-OH-65815-1CS,FPSO-CL-MA-OH-01
25-OH-65816-1CS,FPSO-CL-MA-OH-01
25-OH-65817-1CS,FPSO-CL-MA-OH-01
25-OH-65818-1CS,FPSO-CL-MA-OH-01
25-OH-65819-1CS,FPSO-CL-MA-OH-01
25-OH-65820-1CS,FPSO-CL-MA-OH-01
25-PG-23300-25C02,FPSO-CL-TS-PG-08
25-PW-44026-01C02,FPSO-CL-TS-FH-01
25-PW-44028-01C02,FPSO-CL-TS-FH-01
25-VA-23054-01C02,FPSO-CL-TS-VA-01
25-VA-XXXXX-01S01,FPSO-CL-TS-VA-02
25-WD-53018-01E01-C,FPSO-CL-TS-WD-02
25-WD-53019-01E01-C,FPSO-CL-TS-WD-02
25-WD-53020-01E01-C,FPSO-CL-TS-WD-02
25-WD-53021-01E01-C,FPSO-CL-TS-WD-02
25-WD-53022-01E01-C,FPSO-CL-TS-WD-02
25-WD-53023-01E01-C,FPSO-CL-TS-WD-02
25-WD-53024-01E01-C,FPSO-CL-TS-WD-02
25-WD-53854-1SS-CC,FPSO-CL-TS-WD-04
25-WF-71349-01K01,FPSO-CL-TS-WF-01
25-WF-71357-01K01,FPSO-CL-TS-WF-01
25-WZ-53815-1SS-CC,FPSO-CL-TS-WD-04
25-WZ-53817-1SS-CC,FPSO-CL-TS-WD-04
25-WZ-53819-1SS-CC,FPSO-CL-TS-WD-04
250-DC-57064-01C02,FPSO-CL-TS-DC-01
250-DC-57065-01C02,FPSO-CL-TS-DC-01
250-FH-43302-01C02,FPSO-CL-TS-FH-01
250-FH-43303-01C02,FPSO-CL-TS-FH-01
250-FL-43014-01C02,FPSO-CL-TS-FL-01
250-FL-43170-01C02,FPSO-CL-TS-FL-01
250-OC-33812-1LC,FPSO-CL-MA-OC-03
250-OC-33813-1LC,FPSO-CL-MA-OC-03
250-OC-33864-1LC,FPSO-CL-MA-OC-03
250-OC-33865-1LC,FPSO-CL-MA-OC-03
250-OC-33869-XXX,FPSO-CL-MA-OC-03
250-OC-33874-XXX,FPSO-CL-MA-OC-03
250-OC-33876-XXX,FPSO-CL-MA-OC-03
250-OC-33883-XXX,FPSO-CL-MA-OC-03
250-OC-33886-XXX,FPSO-CL-MA-OC-03
250-OC-33889-XXX,FPSO-CL-MA-OC-03
250-OC-33891-XXX,FPSO-CL-MA-OC-03
250-OC-33895-XXX,FPSO-CL-MA-OC-03
250-OC-33896-XXX,FPSO-CL-MA-OC-03
250-OC-33900-XXX,FPSO-CL-MA-OC-03
250-OC-33901-XXX,FPSO-CL-MA-OC-03
250-OC-33909-XXX,FPSO-CL-MA-OC-03
250-OC-33915-XXX,FPSO-CL-MA-OC-03
250-OC-33918-XXX,FPSO-CL-MA-OC-03
250-OC-33920-XXX,FPSO-CL-MA-OC-03
250-OC-33922-XXX,FPSO-CL-MA-OC-03
250-PG-20036-01C03-P,FPSO-CL-TS-PG-01
250-PG-20042-01D01-P,FPSO-CL-TS-PG-02
250-PG-20062-01C03-P,FPSO-CL-TS-PG-01
250-PG-23003-06C02-PA,FPSO-CL-TS-PG-05
250-PG-23004-06C03-A,FPSO-CL-TS-PG-03
250-PG-23005-06C03,FPSO-CL-TS-PG-01
250-PG-23005-06C03-A,FPSO-CL-TS-PG-03
250-PG-23015-06C03-A,FPSO-CL-TS-PG-03
250-PG-23016-06C03-A,FPSO-CL-TS-PG-03
250-PG-23017-03C03-A,FPSO-CL-TS-PG-03
250-PG-23039-06D01,FPSO-CL-TS-PG-02
250-PG-23401-01D03-PA,FPSO-CL-TS-RP-01
250-PL-13L9000-DD20-P-50,FPSO-CL-TS-PF-04
250-PL-13L9001-BD20X-P-50,FPSO-CL-TS-PF-04
250-PL-13L9002-DD20-P-50,FPSO-CL-TS-PF-04
250-PL-13L9003-BD20X-P-50,FPSO-CL-TS-PF-04
250-PL-20006-01C02-P,FPSO-CL-TS-PL-01
250-PL-20007-01C02-P,FPSO-CL-TS-PL-01
250-PL-43310-01C02,FPSO-CL-TS-DC-01
250-PW-20022-01C03-P,FPSO-CL-TS-PW-02
250-PW-20023-01C03-P,FPSO-CL-TS-PW-02
250-PW-20039-01C03-P,FPSO-CL-TS-PW-02
250-PW-20040-03C03-P,FPSO-CL-TS-PW-02
250-PW-20041-03C03-P,FPSO-CL-TS-PW-02
250-PW-44004-01C02,FPSO-CL-TS-PW-01
250-PW-44004-01X01,FPSO-CL-TS-PW-03
250-PW-44006-01X01,FPSO-CL-TS-PW-03
250-PW-44007-01X01,FPSO-CL-TS-PW-03
250-PW-44010-01C03-P,FPSO-CL-TS-PG-01
250-PW-44023-01C03-P,FPSO-CL-TS-PG-01
250-PW-44029-01C02,FPSO-CL-TS-PW-01
250-PW-44030-01C02,FPSO-CL-TS-PW-01
250-PW-44509-01C03-P,FPSO-CL-TS-PW-02
250-PW-XXXXX-03C03-P,FPSO-CL-TS-PW-02
250-WC-40016-01C02,FPSO-CL-TS-WC-01
250-WC-40017-01C02,FPSO-CL-TS-WC-01
250-WC-40026-01C02,FPSO-CL-TS-WC-01
250-WC-40502-1CG,FPSO-CL-TS-WC-02
250-WC-40505-1CG,FPSO-CL-TS-WC-02
250-WC-40506-1CG,FPSO-CL-TS-WC-02
250-WF-71306-01K01,FPSO-CL-TS-WF-01
300-FH-43001-01C02,FPSO-CL-TS-FH-01
300-FH-43002-01C02,FPSO-CL-TS-FH-01
300-FH-43103-01C02,FPSO-CL-TS-FH-01
300-FH-43107-01C02,FPSO-CL-TS-FH-01
300-FH-43510-01C02,FPSO-CL-TS-FH-01
300-FL-43070-01C02,FPSO-CL-TS-FL-01
300-FL-43080-01C02,FPSO-CL-TS-FL-01
300-FL-43176-01C02,FPSO-CL-TS-FL-01
300-FL-43509-01C02,FPSO-CL-TS-FL-01
300-FL-43510-01C02,FPSO-CL-TS-FL-01
300-OC-33875-XXX,FPSO-CL-MA-OC-03
300-OC-33880-XXX,FPSO-CL-MA-OC-03
300-OC-33882-XXX,FPSO-CL-MA-OC-03
300-OC-33885-XXX,FPSO-CL-MA-OC-03
300-OC-33892-XXX,FPSO-CL-MA-OC-03
300-OC-33897-XXX,FPSO-CL-MA-OC-03
300-OC-33906-XXX,FPSO-CL-MA-OC-03
300-OC-33917-XXX,FPSO-CL-MA-OC-03
300-OC-33921-XXX,FPSO-CL-MA-OC-03
300-PF-20001-03C03-P,FPSO-CL-TS-PF-01
300-PF-20002-03C03-P,FPSO-CL-TS-PF-01
300-PF-20003-03C03-P,FPSO-CL-TS-PF-01
300-PF-20500-03C03-P,FPSO-CL-TS-PF-01
300-PF-20501-03C03-P,FPSO-CL-TS-PF-01
300-PF-20508-03C03-P,FPSO-CL-TS-PF-01
300-PF-20509-03C03-P,FPSO-CL-TS-PF-01
300-PG-20004-03C03-P,FPSO-CL-TS-PG-01
300-PG-20005-03C03-P,FPSO-CL-TS-PG-01
300-PG-20025-03D01-P,FPSO-CL-TS-PG-02
300-PG-20028-03D01-P,FPSO-CL-TS-PG-02
300-PG-20037-03C03-PA,FPSO-CL-TS-PG-03
300-PG-20048-03C03-P,FPSO-CL-TS-PG-01
300-PG-20049-03C03-P,FPSO-CL-TS-PG-01
300-PG-20502-01C03-P,FPSO-CL-TS-PG-01
300-PG-20506-03C03-P,FPSO-CL-TS-PG-01
300-PG-23001-03C03,FPSO-CL-TS-PG-01
300-PG-23001-03C03-A,FPSO-CL-TS-PG-03
300-PG-23002-03C03-A,FPSO-CL-TS-PG-03
300-PG-23019-09C03-A,FPSO-CL-TS-PG-03
300-PG-23038-03D01-A,FPSO-CL-TS-PG-06
300-PG-23070-01C03-P,FPSO-CL-TS-PG-01
300-PG-23400-01C03-P,FPSO-CL-TS-RP-01
300-PL-13L9004-BC11X-P-50,FPSO-CL-TS-PF-02
300-PL-13L9005-BC11X-P-50,FPSO-CL-TS-PF-02
300-PL-20011-01C02-P,FPSO-CL-TS-PL-01
300-PW-44002-01X01-P,FPSO-CL-TS-PW-03
300-PW-44003-01C03,FPSO-CL-TS-PW-02
300-PW-44037-01C03,FPSO-CL-TS-PW-02
300-WC-40033-01C02,FPSO-CL-TS-WC-01
300-WC-40040-01C02,FPSO-CL-TS-WC-01
300-WC-40043-01C02,FPSO-CL-TS-WC-01
300-WC-40044-01C02,FPSO-CL-TS-WC-01
300-WC-40045-01C02,FPSO-CL-TS-WC-01
300-WC-40046-01C02,FPSO-CL-TS-WC-01
300-WC-40500-1CG,FPSO-CL-TS-WC-02
300-WC-40501-1CG,FPSO-CL-TS-WC-02
300-WC-40511-1CG,FPSO-CL-TS-WC-02
300-WC-40513-1CG,FPSO-CL-TS-WC-02
300-WS-50016-01G02,FPSO-CL-TS-WS-01
300-WS-50017-01G02,FPSO-CL-TS-WS-01
300-WS-50018-01G02,FPSO-CL-TS-WS-01
300-WS-50019-01G02,FPSO-CL-TS-WS-01
32-WZ-53813-1SS-CC,FPSO-CL-TS-WD-04
33-ZX-012 6C Cargo Oil Tank,33-ZX-012 6C Cargo Oil Tank
350-FL-43085-01C02,FPSO-CL-TS-FL-01
350-FL-43086-01C02,FPSO-CL-TS-FL-01
350-FL-43511-01C02,FPSO-CL-TS-FL-01
350-FL-43512-01C02,FPSO-CL-TS-FL-01
38-CB-001A,38-CB-001A/B
38-CB-001B,38-CB-001A/B
38-HA-001 (Shell),38-HA-001 (Shell)
38-HA-001 (tube + channel),38-HA-001 (tube + channel)
38-HE-005 (shell),38-HE-005 (shell)
38-HE-005 (tube),38-HE-005 (tube)
38-HF-002 (shell),38-HF-002 (shell)
38-HF-002 (tube + bonnet),38-HF-002 (tube + bonnet)
38-HF-003 (shell),38-HF-003 (shell)
38-HF-003 (tube + bonnet),38-HF-003 (tube + bonnet)
38-HI-004,38-HI-004
38-VD-002,38-VD-002
38-VE-003,38-VE-003
38-VE-004,38-VE-004
38-VL-005,38-VL-005
"4"" TEST/DRAIN",FPSO-CL-TS-WF-01
40-CI-42309-01S01,FPSO-CL-TS-CI-01
40-CI-42310-01S01,FPSO-CL-TS-CI-01
40-CI-42311-01S01,FPSO-CL-TS-CI-01
40-CI-42312-01S01,FPSO-CL-TS-CI-01
40-CI-42313-01S01,FPSO-CL-TS-CI-01
40-OC-30807-1LC,FPSO-CL-MA-OC-01
40-OH-65801-1CS,FPSO-CL-MA-OH-01
40-OH-65802-1CS,FPSO-CL-MA-OH-01
40-WF-71313-01K01,FPSO-CL-TS-WF-01
40-WF-71331-01K01,FPSO-CL-TS-WF-01
40-WF-71332-01K01,FPSO-CL-TS-WF-01
40-WF-71334-01K01,FPSO-CL-TS-WF-01
40-WF-71337-01K01,FPSO-CL-TS-WF-01
40-WF-71344-01K01,FPSO-CL-TS-WF-01
40-WF-71354-01K01,FPSO-CL-TS-WF-01
40-WF-71355-01K01,FPSO-CL-TS-WF-01
40-WF-71356-01K01,FPSO-CL-TS-WF-01
40-WF-71360-01K01,FPSO-CL-TS-WF-01
40-WF-71361-01K01,FPSO-CL-TS-WF-01
400-FH-43029-01C02,FPSO-CL-TS-FH-01
400-FH-43030-01C02,FPSO-CL-TS-FH-01
400-FH-43500-01C02,FPSO-CL-TS-FH-01
400-FH-43508-01C02,FPSO-CL-TS-FH-01
400-OC-30803-1LC,FPSO-CL-MA-OC-01
400-OC-33881-XXX,FPSO-CL-MA-OC-03
400-OC-33884-XXX,FPSO-CL-MA-OC-03
400-OC-33888-XXX,FPSO-CL-MA-OC-03
400-OC-33890-XXX,FPSO-CL-MA-OC-03
400-OC-33893-XXX,FPSO-CL-MA-OC-03
400-OC-33894-XXX,FPSO-CL-MA-OC-03
400-OC-33899-XXX,FPSO-CL-MA-OC-03
400-OC-33910-XXX,FPSO-CL-MA-OC-03
400-OC-33911-XXX,FPSO-CL-MA-OC-03
400-OC-33912-XXX,FPSO-CL-MA-OC-03
400-OC-33916-XXX,FPSO-CL-MA-OC-03
400-OC-33919-XXX,FPSO-CL-MA-OC-03
400-OC-33923-XXX,FPSO-CL-MA-OC-03
400-OC-33925-XXX,FPSO-CL-MA-OC-03
400-WC-40022-01C02,FPSO-CL-TS-WC-01
400-WC-40024-01C02,FPSO-CL-TS-WC-01
400-WC-40025-01C02,FPSO-CL-TS-WC-01
400-WC-40060-01C02,FPSO-CL-TS-WC-01
400-WC-40061-01C02,FPSO-CL-TS-WC-01
400-WC-40500-1CG,FPSO-CL-TS-WC-02
400-WC-40501-1CG,FPSO-CL-TS-WC-02
44-HA-001 (shell),44-HA-001 (shell)
44-HA-001 (tube + bonnet),44-HA-001 (tube + bonnet)
45-FE-002A,45-FE-002A
450-WS-50001-01G02,FPSO-CL-TS-WS-01
450-WS-50002-01G02,FPSO-CL-TS-WS-01
50-AI-63001-01E01,FPSO-CL-TS-AD-01
50-AI-63001-01S01,FPSO-CL-TS-AD-02
50-AI-63002-01E01,FPSO-CL-TS-AD-01
50-AI-63004-01E01,FPSO-CL-TS-AD-01
50-AI-63005-01E01,FPSO-CL-TS-AD-01
50-AI-63007-01E01,FPSO-CL-TS-AD-01
50-AI-63009-01E01,FPSO-CL-TS-AD-01
50-AI-63010-01E01,FPSO-CL-TS-AD-01
50-AI-63011-01E01,FPSO-CL-TS-AD-01
50-AI-63012-01E01,FPSO-CL-TS-AD-01
50-AI-63013-01E01,FPSO-CL-TS-AD-01
50-AI-63014-01E01,FPSO-CL-TS-AD-01
50-AI-63030-01E01,FPSO-CL-TS-AD-01
50-AI-63031-01E01,FPSO-CL-TS-AD-01
50-AI-63034-01E01,FPSO-CL-TS-AD-01
50-AI-63035-01E01,FPSO-CL-TS-AD-01
50-AI-63037-01E01,FPSO-CL-TS-AD-01
50-AI-63038-01E01,FPSO-CL-TS-AD-01
50-AI-63040-01E01,FPSO-CL-TS-AD-01
50-AI-63044-01E01,FPSO-CL-TS-AD-01
50-AI-63450-01E01,FPSO-CL-TS-AD-01
50-AU-63015-01E01,FPSO-CL-TS-AD-01
50-AU-63016-01E01,FPSO-CL-TS-AD-01
50-AU-63017-01E01,FPSO-CL-TS-AD-01
50-AU-63018-01E01,FPSO-CL-TS-AD-01
50-AU-63019-01E01,FPSO-CL-TS-AD-01
50-AU-63020-01E01,FPSO-CL-TS-AD-01
50-AU-63021-01E01,FPSO-CL-TS-AD-01
50-AU-63022-01E01,FPSO-CL-TS-AD-01
50-AU-63023-01E01,FPSO-CL-TS-AD-01
50-CG-24002-09C02,FPSO-CL-TS-CG-01
50-CG-24003-09C02,FPSO-CL-TS-CG-02
50-CG-38001-09C02,FPSO-CL-TS-CG-02
50-CG-38002-09C02-P,FPSO-CL-TS-CG-03
50-CG-38005-01C02,FPSO-CL-TS-CG-01
50-CG-38006-01C02,FPSO-CL-TS-CG-01
50-CG-38007-01C02,FPSO-CL-TS-CG-01
50-CG-38008-01C02,FPSO-CL-TS-CG-01
50-CG-38009-01C02,FPSO-CL-TS-CG-01
50-CG-38300-01C02-P,FPSO-CL-TS-CG-04
50-CG-38301-01C02-P,FPSO-CL-TS-CG-04
50-CG-38302-01C02-P,FPSO-CL-TS-CG-04
50-CG-38451-09C02-P,FPSO-CL-TS-CG-04
50-CG-38452-09C02-P,FPSO-CL-TS-CG-04
50-CG-38454-01C02-H,FPSO-CL-TS-CG-05
50-CG-38455-01C02-H,FPSO-CL-TS-CG-05
50-CG-38456-01C02-H,FPSO-CL-TS-CG-03
50-CG-38457-01C02-P,FPSO-CL-TS-CG-03
50-CG-38458-01C02-P,FPSO-CL-TS-CG-03
50-CG-38462-01C02,FPSO-CL-TS-DC-01
50-CG-38463-01C02,FPSO-CL-TS-CG-01
50-CG-38464-01C02,FPSO-CL-TS-DC-01
50-CG-38465-01C02,FPSO-CL-TS-DC-01
50-CG-38466-01C02,FPSO-CL-TS-CG-02
50-CG-38467-01C02,FPSO-CL-TS-CG-01
50-CG-38470-01C02-P,FPSO-CL-TS-CG-04
50-CG-38471-01C02-P,FPSO-CL-TS-CG-04
50-CG-38472-01C02,FPSO-CL-TS-CG-04
50-CG-38474-01C02-P,FPSO-CL-TS-CG-04
50-CG-38475-01C02-P,FPSO-CL-TS-CG-04
50-CG-38476-01C02-H,FPSO-CL-TS-CG-04
50-CG-38477-01C02-P,FPSO-CL-TS-CG-04
50-CG-38478-01C02-P,FPSO-CL-TS-FL-01
50-CG-38484-01C02-P,FPSO-CL-TS-CG-04
50-CG-38485-01C02-P,FPSO-CL-TS-CG-04
50-CG-38487-09C02-P,FPSO-CL-TS-CG-03
50-CG-38488-09C02-P,FPSO-CL-TS-CG-03
50-CG-38489-01C02-P,FPSO-CL-TS-CG-03
50-CG-38490-09C02,FPSO-CL-TS-CG-03
50-CG-38491-09C02,FPSO-CL-TS-CG-03
50-CG-38492-01C02,FPSO-CL-TS-CG-01
50-CG-38500-01C02,FPSO-CL-TS-CG-01
50-CG-39009-01C02,FPSO-CL-TS-CG-01
50-CI-42040-01S01,FPSO-CL-TS-CI-01
50-CI-42041-01S01,FPSO-CL-TS-CI-01
50-CI-42042-01S01,FPSO-CL-TS-CI-01
50-CI-42043-01S01,FPSO-CL-TS-CI-01
50-CI-42044-01S01,FPSO-CL-TS-CI-01
50-CI-42045-01S01,FPSO-CL-TS-CI-01
50-CI-42046-01S01,FPSO-CL-TS-CI-01
50-CI-42047-01S01,FPSO-CL-TS-CI-01
50-CI-42304-01S01,FPSO-CL-TS-CI-01
50-CI-42305-01S01,FPSO-CL-TS-CI-01
50-CI-42306-01S01,FPSO-CL-TS-CI-01
50-CI-42307-01S01,FPSO-CL-TS-CI-01
50-CI-42308-01S01,FPSO-CL-TS-CI-01
50-CI-42314-01S01,FPSO-CL-TS-CI-01
50-CI-42315-01S01,FPSO-CL-TS-CI-01
50-CI-42316-01S01,FPSO-CL-TS-CI-01
50-CI-42317-01S01,FPSO-CL-TS-CI-01
50-DC-57009-01C02,FPSO-CL-TS-DC-01
50-DC-57010-01C02,FPSO-CL-TS-DC-01
50-DC-57011-01C02,FPSO-CL-TS-DC-01
50-DC-57012-01C02,FPSO-CL-TS-DC-01
50-DC-57013-01C02,FPSO-CL-TS-DC-01
50-DC-57014-01C02,FPSO-CL-TS-DC-01
50-DC-57015-01C02,FPSO-CL-TS-DC-01
50-DC-57016-01C02,FPSO-CL-TS-DC-01
50-DC-57019-01C02,FPSO-CL-TS-DC-01
50-DC-57020-01C02,FPSO-CL-TS-DC-01
50-DC-57024-01C02,FPSO-CL-TS-DC-01
50-DC-57025-01C02,FPSO-CL-TS-DC-01
50-DC-57027-01C02,FPSO-CL-TS-DC-01
50-DC-57028-01C02,FPSO-CL-TS-DC-01
50-DC-57029-01C02,FPSO-CL-TS-DC-01
50-DC-57030-01C02,FPSO-CL-TS-DC-01
50-DC-57031-01C02,FPSO-CL-TS-DC-01
50-DC-57042-01C02,FPSO-CL-TS-DC-01
50-DC-57043-01C02,FPSO-CL-TS-DC-01
50-DC-57044-01C02,FPSO-CL-TS-DC-01
50-DC-57048-03C02,FPSO-CL-TS-DC-01
50-DC-57051-01C02,FPSO-CL-TS-DC-01
50-DC-57056-03C02,FPSO-CL-TS-DC-01
50-DC-57058-06C02,FPSO-CL-TS-DC-01
50-DC-57059-25C02,FPSO-CL-TS-DC-01
50-DC-57063-01C02,FPSO-CL-TS-DC-01
50-DC-57067-01C02,FPSO-CL-TS-DC-01
50-DC-57068-01C02,FPSO-CL-TS-DC-01
50-DC-57069-01C02,FPSO-CL-TS-DC-01
50-DC-57076-25C02,FPSO-CL-TS-DC-01
50-DC-57077-15C02,FPSO-CL-TS-DC-01
50-DC-57300-01C02,FPSO-CL-TS-DC-01
50-DC-57301-01C02,FPSO-CL-TS-DC-01
50-DC-57310-01C02,FPSO-CL-TS-DC-01
50-DC-57316-01C02-P,FPSO-CL-TS-DC-01
50-DC-57317-01C02-P,FPSO-CL-TS-DC-01
50-DC-57400-01C03,FPSO-CL-TS-DC-02
50-DC-57401-01C03,FPSO-CL-TS-RP-01
50-DC-57402-01C03,FPSO-CL-TS-RP-01
50-DC-57403-01C03,FPSO-CL-TS-DC-02
50-DC-57404-01C03,FPSO-CL-TS-DC-02
50-DC-57450-01C02-P,FPSO-CL-TS-DC-01
50-DC-57451-01C02-P,FPSO-CL-TS-DC-01
50-DC-XXXXX-03C03,FPSO-CL-TS-DC-02
50-DC-XXXXX-09C03,FPSO-CL-TS-DC-02
50-DH-56010-01C02,FPSO-CL-TS-DH-01
50-DH-56011-01C02,FPSO-CL-TS-DH-01
50-DH-56013-01C02,FPSO-CL-TS-DH-01
50-DH-56014-01C02,FPSO-CL-TS-DH-01
50-DH-56015-01C02,FPSO-CL-TS-DH-01
50-DH-56052-01C02,FPSO-CL-TS-DH-01
50-DH-56056-01C02,FPSO-CL-TS-DH-01
50-DH-56057-01C02,FPSO-CL-TS-DH-01
50-DH-56058-01C02,FPSO-CL-TS-DH-01
50-DH-56059-01C02,FPSO-CL-TS-DH-01
50-DH-56060-01C02,FPSO-CL-TS-DH-01
50-DH-56061-01C02,FPSO-CL-TS-DH-01
50-DH-56062-01C02,FPSO-CL-TS-DH-01
50-DH-56063-01C02,FPSO-CL-TS-DH-01
50-DH-56064-01C02,FPSO-CL-TS-DH-01
50-DH-56065-01C02,FPSO-CL-TS-DH-01
50-DH-56066-01C02,FPSO-CL-TS-DH-01
50-DH-56067-01C02,FPSO-CL-TS-DH-01
50-DH-56068-01C02,FPSO-CL-TS-DH-01
50-DH-56069-01C02,FPSO-CL-TS-DH-01
50-DH-56070-01C02,FPSO-CL-TS-DH-01
50-DH-56071-01C02,FPSO-CL-TS-DH-01
50-DH-56102-01C02,FPSO-CL-TS-DH-01
50-DH-56103-01C02,FPSO-CL-TS-DH-01
50-DH-56104-01C02,FPSO-CL-TS-DH-01
50-DH-56105-01C02,FPSO-CL-TS-DH-01
50-DH-56108-01C02,FPSO-CL-TS-DH-01
50-DH-56109-01C02,FPSO-CL-TS-DH-01
50-DH-56110-01C02,FPSO-CL-TS-DH-01
50-DH-56111-01C02,FPSO-CL-TS-DH-01
50-DH-56112-01C02,FPSO-CL-TS-DH-01
50-DH-56113-01C02,FPSO-CL-TS-DH-01
50-DH-56114-01C02,FPSO-CL-TS-DH-01
50-DH-56115-01C02,FPSO-CL-TS-DH-01
50-DH-56116-01C02,FPSO-CL-TS-DH-01
50-DH-56116A-01C02,FPSO-CL-TS-DH-01
50-DH-56117-01C02,FPSO-CL-TS-DH-01
50-DH-56118-01C02,FPSO-CL-TS-DH-01
50-DH-56119-01C02,FPSO-CL-TS-DH-01
50-DH-56119A-01C02,FPSO-CL-TS-DH-01
50-DH-56120-01C02,FPSO-CL-TS-DH-01
50-DH-56121-01C02,FPSO-CL-TS-DH-01
50-DH-56122-01C02,FPSO-CL-TS-DH-01
50-DH-56123-01C02,FPSO-CL-TS-DH-01
50-DH-56129-01C02,FPSO-CL-TS-DH-01
50-DH-56130-01C02,FPSO-CL-TS-DH-01
50-DH-56131-01C02,FPSO-CL-TS-DH-01
50-DH-56137-01C02,FPSO-CL-TS-DH-01
50-DH-56138-01C02,FPSO-CL-TS-DH-01
50-DH-56139-01C02,FPSO-CL-TS-DH-01
50-DH-56141-01C02,FPSO-CL-TS-DH-01
50-DH-56300-01C02,FPSO-CL-TS-DH-01
50-DH-56302-01C02,FPSO-CL-TS-DH-01
50-DH-56303-01C02,FPSO-CL-TS-DH-01
50-DH-56305-01C02,FPSO-CL-TS-DH-01
50-DH-56306-01C02,FPSO-CL-TS-DH-01
50-DH-56308-01C02,FPSO-CL-TS-DH-01
50-DH-56309-01C02,FPSO-CL-TS-DH-01
50-DH-56310-01C02,FPSO-CL-TS-DH-01
50-DH-56317-01C02,FPSO-CL-TS-DH-01
50-DH-56401-01C02,FPSO-CL-TS-DH-01
50-DH-56554-01C02,FPSO-CL-TS-DH-01
50-DH-56555-01C02,FPSO-CL-TS-DH-01
50-DH-56556-01C02,FPSO-CL-TS-DH-01
50-DH-56557-01C02,FPSO-CL-TS-DH-01
50-DH-56558-01C02,FPSO-CL-TS-DH-01
50-DH-56559-01C02,FPSO-CL-TS-DH-01
50-DH-56564-01C02,FPSO-CL-TS-DH-01
50-DN-56075-01C02,FPSO-CL-TS-DN-01
50-DN-56094-01C02,FPSO-CL-TS-DN-01
50-DN-56095-01C02,FPSO-CL-TS-DN-01
50-DN-56096-01C02,FPSO-CL-TS-DN-01
50-DN-56097-01C02,FPSO-CL-TS-DN-01
50-DN-56098-01C02,FPSO-CL-TS-DN-01
50-DN-56099-01C02,FPSO-CL-TS-DN-01
50-DN-56100-01C02,FPSO-CL-TS-DN-01
50-DN-56101-01C02,FPSO-CL-TS-DN-01
50-DN-56133-01C02,FPSO-CL-TS-DN-01
50-DN-56134-01C02,FPSO-CL-TS-DN-01
50-DN-56135-01C02,FPSO-CL-TS-DN-01
50-DN-56313-01C02,FPSO-CL-TS-DN-01
50-DN-56314-01C02,FPSO-CL-TS-DN-01
50-DO-62001-01C02,FPSO-CL-TS-DO-01
50-DO-62002-01S01,FPSO-CL-TS-DO-02
50-DO-62003-01C02,FPSO-CL-TS-DO-01
50-DO-62004-01S01,FPSO-CL-TS-DO-02
50-DO-62005-01C02,FPSO-CL-TS-DO-01
50-DO-62006-01S01,FPSO-CL-TS-DO-02
50-FG-45014-01C02-E,FPSO-CL-TS-FG-02
50-FG-45018-03C02,FPSO-CL-TS-FG-04
50-FG-45019-03C02,FPSO-CL-TS-FG-04
50-FG-45020-03C02,FPSO-CL-TS-FG-04
50-FG-45021-03C02,FPSO-CL-TS-FG-04
50-FG-45023-01C02,FPSO-CL-TS-FG-01
50-FG-45024-01C02,FPSO-CL-TS-FG-01
50-FG-45035-03C02,FPSO-CL-TS-FG-04
50-FG-45036-03C02,FPSO-CL-TS-FG-04
50-FG-45042-03C02-E,FPSO-CL-TS-FG-02
50-FG-45044-03C02,FPSO-CL-TS-FG-01
50-FG-45048-03C02,FPSO-CL-TS-FG-01
50-FG-45049-06S01-E,FPSO-CL-TS-FG-03
50-FG-45054-06S01-E,FPSO-CL-TS-FG-03
50-FG-45055-06S01-E,FPSO-CL-TS-FG-03
50-FG-45056-06S01-E,FPSO-CL-TS-FG-03
50-FG-45300-01C02,FPSO-CL-TS-FG-01
50-FG-45301-01C02,FPSO-CL-TS-FG-01
50-FG-45302-01C02,FPSO-CL-TS-FG-01
50-FG-45451-01C02-E,FPSO-CL-TS-FG-02
50-FG-45452-01C02-H,FPSO-CL-TS-FG-02
50-FG-45454-01C02-E,FPSO-CL-TS-FG-02
50-FG-45501-01C02,FPSO-CL-TS-FG-01
50-FG-45502-01C02-E,FPSO-CL-TS-FG-02
50-FG-45503-01C02,FPSO-CL-TS-FG-01
50-FG-XXXXX-03C02-E,FPSO-CL-TS-FG-02
50-FH-43011-01C02,FPSO-CL-TS-FH-01
50-FH-43016-01C02,FPSO-CL-TS-FH-01
50-FH-43023-01C02,FPSO-CL-TS-FH-01
50-FH-43117-01C02,FPSO-CL-TS-FH-01
50-FH-43118-01C02,FPSO-CL-TS-FH-01
50-FH-43122-01C02,FPSO-CL-TS-FH-01
50-FH-43123-01C02,FPSO-CL-TS-FH-01
50-FH-43128-01C02,FPSO-CL-TS-FH-01
50-FH-43129-01C02,FPSO-CL-TS-FH-01
50-FH-43132-01C02,FPSO-CL-TS-FH-01
50-FH-43133-01C02,FPSO-CL-TS-FH-01
50-FH-43137-01C02,FPSO-CL-TS-FH-01
50-FH-43138-01C02,FPSO-CL-TS-FH-01
50-FH-43140-01C02,FPSO-CL-TS-FH-01
50-FH-43308-01C02,FPSO-CL-TS-RP-01
50-FH-43309-01C02,FPSO-CL-TS-RP-01
50-FH-43315-01C02,FPSO-CL-TS-FH-01
50-FH-43406-01C02,FPSO-CL-TS-FH-01
50-FH-43450-01C02,FPSO-CL-TS-FH-01
50-FH-43451-01C02,FPSO-CL-TS-FH-01
50-FL-43071-01C02,FPSO-CL-TS-FL-01
50-FL-43072-01C02,FPSO-CL-TS-FL-01
50-FL-43074-01C02,FPSO-CL-TS-FL-01
50-FL-43079-01C02,FPSO-CL-TS-FL-01
50-FL-43300-01C02,FPSO-CL-TS-FL-01
50-FL-43301-01C02,FPSO-CL-TS-FL-01
50-FL-43302-01C02,FPSO-CL-TS-FL-01
50-FL-43303-01C02,FPSO-CL-TS-FL-01
50-FL-43316-01C02,FPSO-CL-TS-FL-01
50-FL-43454-01C02-P,FPSO-CL-TS-FL-02
50-FL-43513-01C02,FPSO-CL-TS-FL-01
50-GN-67001-01E01,FPSO-CL-TS-GN-01
50-GN-67002-01E01,FPSO-CL-TS-GN-01
50-GN-67003-01E01,FPSO-CL-TS-GN-01
50-GN-67004-01E01,FPSO-CL-TS-GN-01
50-GN-67005-01E01,FPSO-CL-TS-GN-01
50-GN-67006-01E01,FPSO-CL-TS-GN-01
50-GN-67007-01E01,FPSO-CL-TS-GN-01
50-GN-67008-01E01,FPSO-CL-TS-GN-01
50-GN-67009-01E01,FPSO-CL-TS-GN-01
50-GN-67010-01E01,FPSO-CL-TS-GN-01
50-GN-67011-01E01,FPSO-CL-TS-GN-01
50-OL-69005-01S01,FPSO-CL-TS-OL-01
50-OL-69006-01S01,FPSO-CL-TS-OL-01
50-PF-20063-03S01-P,FPSO-CL-TS-PF-02
50-PF-20064-03S01-P,FPSO-CL-TS-PF-02
50-PF-20300-03C03-P,FPSO-CL-TS-PF-01
50-PF-20301-03C03-P,FPSO-CL-TS-PF-01
50-PF-20503-03C03-P,FPSO-CL-TS-PF-01
50-PF-20504-03C03-P,FPSO-CL-TS-PF-01
50-PG-20030-01C03-P,FPSO-CL-TS-PG-01
50-PG-23024-03C03,FPSO-CL-TS-PG-01
50-PG-23030-09C02-P,FPSO-CL-TS-PG-04
50-PG-23044-03C03,FPSO-CL-TS-PG-01
50-PG-23048-09C02,FPSO-CL-TS-PG-04
50-PG-23061-25C02-P,FPSO-CL-TS-FH-01
50-PG-23062-25S01,FPSO-CL-TS-FH-02
50-PG-23063-09C02,FPSO-CL-TS-PG-08
50-PG-23064-09C02,FPSO-CL-TS-PG-08
50-PG-23073-01C03-P,FPSO-CL-TS-RP-01
50-PG-23074-01C02-P,FPSO-CL-TS-FH-01
50-PG-23075-03C02-P,FPSO-CL-TS-RP-01
50-PG-23407-01C03-P,FPSO-CL-TS-RP-01
50-PG-23408-01C02-P,FPSO-CL-TS-RP-01
50-PG-23411-03C02-P,FPSO-CL-TS-RP-01
50-PG-23412-03C03,FPSO-CL-TS-RP-01
50-PG-23414-03C03,FPSO-CL-TS-RP-01
50-PG-23416-03C03,FPSO-CL-TS-RP-01
50-PG-23508-25C02,FPSO-CL-TS-PG-08
50-PG-44022-01C03-P,FPSO-CL-TS-PG-01
50-PL-20033-01C02,FPSO-CL-TS-PL-01
50-PL-20060-01C02,FPSO-CL-TS-PL-01
50-PL-23020-01C03,FPSO-CL-TS-PL-03
50-PL-23021-03C03,FPSO-CL-TS-PL-03
50-PL-23022-03C03,FPSO-CL-TS-PL-03
50-PL-23023-03C03,FPSO-CL-TS-PL-03
50-PL-23032-01C03,FPSO-CL-TS-PL-03
50-PL-23033-03C03,FPSO-CL-TS-PL-03
50-PL-23034-01C03,FPSO-CL-TS-PL-03
50-PL-23040-03C03,FPSO-CL-TS-PL-03
50-PL-23041-06C03,FPSO-CL-TS-PL-03
50-PL-23042-09C03,FPSO-CL-TS-PL-03
50-PL-23052-09C03,FPSO-CL-TS-PL-03
50-PL-23300-09C03,FPSO-CL-TS-PL-03
50-PL-23514-01C03,FPSO-CL-TS-PL-03
50-PL-23515-01C03,FPSO-CL-TS-PL-03
50-PL-23516-03C03,FPSO-CL-TS-PL-03
50-PL-24003-09C02,FPSO-CL-TS-PL-01
50-PL-24036-09C02,FPSO-CL-TS-PL-01
50-PL-45015-03C03,FPSO-CL-TS-PL-03
50-PL-45016-03C03,FPSO-CL-TS-PL-03
50-PL-45030-03C03,FPSO-CL-TS-PL-03
50-PL-45031-03C03,FPSO-CL-TS-PL-03
50-PL-57066-01C03,FPSO-CL-TS-PL-03
50-PL-57403-01C03,FPSO-CL-TS-RP-01
50-PL-57406-01C03,FPSO-CL-TS-PL-03
50-PW-44009-01C03-P,FPSO-CL-TS-PW-02
50-PW-44012-01X01,FPSO-CL-TS-PW-03
50-PW-44013-01X01,FPSO-CL-TS-PW-03
50-PW-44014-01X01,FPSO-CL-TS-PW-03
50-PW-44015-01X01,FPSO-CL-TS-PW-03
50-PW-44025-01X01,FPSO-CL-TS-PW-03
50-PW-44027-01X01,FPSO-CL-TS-PW-03
50-PW-44040-01C02,FPSO-CL-TS-PW-01
50-SL-55003-01C02-P,FPSO-CL-TS-SD-02
50-SL-55006-01C02-P,FPSO-CL-TS-SD-02
50-VA-23056-01C02,FPSO-CL-TS-VA-01
50-VA-43519-01C02,FPSO-CL-TS-VA-01
50-VA-80001-01C02,FPSO-CL-TS-VA-01
50-VA-80005-01C02,FPSO-CL-TS-VA-01
50-VA-80009-01S01,FPSO-CL-TS-VA-02
50-VA-80010-01S01,FPSO-CL-TS-VA-02
50-VA-80011-01S01,FPSO-CL-TS-VA-02
50-VA-80012-01S01,FPSO-CL-TS-VA-02
50-VA-80013-01S01,FPSO-CL-TS-VA-02
50-VA-80014-01S01,FPSO-CL-TS-VA-02
50-VA-80300-01S01,FPSO-CL-TS-VA-02
50-VA-XXXXX-01S01,FPSO-CL-TS-VA-02
50-WC-40011-01C02,FPSO-CL-TS-WC-01
50-WC-40013-01C02,FPSO-CL-TS-WC-01
50-WC-40014-01C02,FPSO-CL-TS-WC-01
50-WC-40018-01C02,FPSO-CL-TS-WC-01
50-WC-40021-01C02,FPSO-CL-TS-WC-01
50-WC-40023-01C02,FPSO-CL-TS-WC-01
50-WC-40028-01C02,FPSO-CL-TS-WC-01
50-WC-40029-01C02,FPSO-CL-TS-WC-01
50-WC-40031-01C02,FPSO-CL-TS-WC-01
50-WC-40032-01C02,FPSO-CL-TS-WC-01
50-WC-40047-01C02,FPSO-CL-TS-WC-01
50-WC-40048-01C02,FPSO-CL-TS-WC-01
50-WC-40049-01C02,FPSO-CL-TS-WC-01
50-WC-40050-01C02,FPSO-CL-TS-WC-01
50-WC-40051-01C02,FPSO-CL-TS-WC-01
50-WC-40052-01C02,FPSO-CL-TS-WC-01
50-WC-40053-01C02,FPSO-CL-TS-WC-01
50-WC-40054-01C02,FPSO-CL-TS-WC-01
50-WC-40055-01C02,FPSO-CL-TS-WC-01
50-WC-40063-01C02-P,FPSO-CL-TS-RP-01
50-WC-40065-01C02,FPSO-CL-TS-WC-01
50-WC-40066-01C02,FPSO-CL-TS-WC-01
50-WC-40071-01C02,FPSO-CL-TS-RP-01
50-WC-40406-01C02,FPSO-CL-TS-RP-01
50-WC-40450-01C02,FPSO-CL-TS-WC-01
50-WC-40451-01C02,FPSO-CL-TS-WC-01
50-WC-40452-01C02,FPSO-CL-TS-WC-01
50-WC-40514-1CG,FPSO-CL-TS-WC-02
50-WC-40515-1CG,FPSO-CL-TS-WC-02
50-WC-XXXXX-01E01,FPSO-CL-TS-WC-02
50-WD-53003-01E01,FPSO-CL-TS-WD-01
50-WD-53007-01E01,FPSO-CL-TS-WD-01
50-WD-53008-01E01,FPSO-CL-TS-WD-01
50-WD-53009-01E01,FPSO-CL-TS-WD-01
50-WD-53010-01E01,FPSO-CL-TS-WD-01
50-WD-53011-01E01,FPSO-CL-TS-WD-01
50-WD-53012-01E01,FPSO-CL-TS-WD-01
50-WD-53013-01E01,FPSO-CL-TS-WD-01
50-WD-53014-01E01,FPSO-CL-TS-WD-01
50-WD-53015-01E01,FPSO-CL-TS-WD-01
50-WD-53016-01E01,FPSO-CL-TS-WD-01
50-WF-71306-01K01,FPSO-CL-TS-WF-01
50-WF-71312-01K01,FPSO-CL-TS-WF-01
50-WF-71316-01K01,FPSO-CL-TS-WF-01
50-WF-71317-01K01,FPSO-CL-TS-WF-01
50-WF-71318-01K01,FPSO-CL-TS-WF-01
50-WF-71325-01K01,FPSO-CL-TS-WF-01
50-WF-71329-01K01,FPSO-CL-TS-WF-01
50-WF-71333-01K01,FPSO-CL-TS-WF-01
50-WF-71339-01K01,FPSO-CL-TS-WF-01
50-WF-71340-01K01,FPSO-CL-TS-WF-01
50-WF-71342-01K01,FPSO-CL-TS-WF-01
50-WF-71343-01K01,FPSO-CL-TS-WF-01
50-WF-71348-01K01,FPSO-CL-TS-WF-01
50-WF-71350-01K01,FPSO-CL-TS-WF-01
50-WF-71351-01K01,FPSO-CL-TS-WF-01
50-WF-71353-01K01,FPSO-CL-TS-WF-01
50-WF-71358-01K01,FPSO-CL-TS-WF-01
50-WF-71362-01K01,FPSO-CL-TS-WF-01
50-WF-71363-01K01,FPSO-CL-TS-WF-01
50-WS-50003-01G02,FPSO-CL-TS-WS-01
50-WS-50004-01G02,FPSO-CL-TS-WS-01
50-WS-50020-01G02,FPSO-CL-TS-WS-01
50-WS-50021-01G02,FPSO-CL-TS-WS-01
500-OC-33868-XXX,FPSO-CL-MA-OC-01
500-OC-33870-XXX,FPSO-CL-MA-OC-01
500-OC-33871-XXX,FPSO-CL-MA-OC-01
500-OC-33872-XXX,FPSO-CL-MA-OC-01
500-OC-33873-XXX,FPSO-CL-MA-OC-01
500-OC-33879-XXX,FPSO-CL-MA-OC-01
500-OC-33902-XXX,FPSO-CL-MA-OC-01
500-OC-33903-XXX,FPSO-CL-MA-OC-01
500-OC-33904-XXX,FPSO-CL-MA-OC-01
500-PW-44804-1LC,FPSO-CL-MA-PW-03
550-OC-30800-1LC,FPSO-CL-MA-OC-01
550-OC-33802-1LC,FPSO-CL-MA-OC-01
550-OC-33803-1LC,FPSO-CL-MA-OC-01
550-OC-33804-1LC,FPSO-CL-MA-OC-01
550-OC-33810-1LC,FPSO-CL-MA-OC-01
550-OC-33811-1LC,FPSO-CL-MA-OC-01
550-OC-33867-XXX,FPSO-CL-MA-OC-01
550-OC-33877-XXX,FPSO-CL-MA-OC-01
550-OC-33887-XXX,FPSO-CL-MA-OC-01
550-OC-33898-XXX,FPSO-CL-MA-OC-01
550-OC-33913-XXX,FPSO-CL-MA-OC-01
550-OC-33926-XXX,FPSO-CL-MA-OC-01
550-OC-33927-XXX,FPSO-CL-MA-OC-01
"6"" FIREWATER",FPSO-CL-TS-WF-01
"6"" FIREWATER INLET 1",FPSO-CL-TS-WF-01
"6"" FIREWATER INLET 2",FPSO-CL-TS-WF-01
"6"" FIREWATER/AFFF OUTLET",FPSO-CL-TS-WF-01
600-OC-33814-1LC,FPSO-CL-MA-OC-01
600-OC-33815-1LC,FPSO-CL-MA-OC-01
600-OC-33866-1LC,FPSO-CL-MA-OC-01
600-OC-33905-XXX,FPSO-CL-MA-OC-01
62-ZX-011 Diesel Tank Stbd Fwd,62-ZX-011 Diesel Tank Stbd Fwd
65-OC-30804-1LC,FPSO-CL-MA-OC-03
65-OC-30805-1LC,FPSO-CL-MA-OC-03
65-OC-30806-1LC,FPSO-CL-MA-OC-03
80-CG-38459-09C02-P,FPSO-CL-TS-CG-03
80-CG-38460-01C02-P,FPSO-CL-TS-CG-05
80-CG-38486-09C02-P,FPSO-CL-TS-CG-03
80-DC-57001-01C02,FPSO-CL-TS-DC-01
80-DC-57002-01C02,FPSO-CL-TS-DC-01
80-DC-57003-01C02,FPSO-CL-TS-DC-01
80-DC-57004-01C02,FPSO-CL-TS-DC-01
80-DC-57005-01C02,FPSO-CL-TS-DC-01
80-DC-57006-01C02,FPSO-CL-TS-DC-01
80-DC-57007-01C02,FPSO-CL-TS-DC-01
80-DC-57008-01C02,FPSO-CL-TS-DC-01
80-DC-57322-01C02-P,FPSO-CL-TS-DC-01
80-DC-XXXXX-03C03-P,FPSO-CL-TS-DC-02
80-DH-56001-01C02,FPSO-CL-TS-DH-01
80-DH-56002-01C02,FPSO-CL-TS-DH-01
80-DH-56003-01C02,FPSO-CL-TS-DH-01
80-DH-56004-01C02,FPSO-CL-TS-DH-01
80-DH-56005-01C02,FPSO-CL-TS-DH-01
80-DH-56006-01C02,FPSO-CL-TS-DH-01
80-DH-56007-01C02,FPSO-CL-TS-DH-01
80-DH-56008-01C02,FPSO-CL-TS-DH-01
80-DH-56012-01C02,FPSO-CL-TS-DH-01
80-DH-56018-01C02,FPSO-CL-TS-DH-01
80-DH-56019-01C02,FPSO-CL-TS-DH-01
80-DH-56021-01C02,FPSO-CL-TS-DH-01
80-DH-56022-01C02,FPSO-CL-TS-DH-01
80-DH-56023-01C02,FPSO-CL-TS-DH-01
80-DH-56024-01C02,FPSO-CL-TS-DH-01
80-DH-56025-01C02,FPSO-CL-TS-DH-01
80-DH-56026-01C02,FPSO-CL-TS-DH-01
80-DH-56027-01C02,FPSO-CL-TS-DH-01
80-DH-56028-01C02,FPSO-CL-TS-DH-01
80-DH-56029-01C02,FPSO-CL-TS-DH-01
80-DH-56030-01C02,FPSO-CL-TS-DH-01
80-DH-56032-01C02,FPSO-CL-TS-DH-01
80-DH-56033-01C02,FPSO-CL-TS-DH-01
80-DH-56034-01C02,FPSO-CL-TS-DH-01
80-DH-56039-01C02,FPSO-CL-TS-DH-01
80-DH-56040-01C02,FPSO-CL-TS-DH-01
80-DH-56041-01C02,FPSO-CL-TS-DH-01
80-DH-56042-01C02,FPSO-CL-TS-DH-01
80-DH-56043-01C02,FPSO-CL-TS-DH-01
80-DH-56044-01C02,FPSO-CL-TS-DH-01
80-DH-56045-01C02,FPSO-CL-TS-DH-01
80-DH-56046-01C02,FPSO-CL-TS-DH-01
80-DH-56051-01C02,FPSO-CL-TS-DH-01
80-DH-56053-01C02,FPSO-CL-TS-DH-01
80-DH-56054-01C02,FPSO-CL-TS-DH-01
80-DH-56074-01C02,FPSO-CL-TS-DH-01
80-DH-56091-01C02,FPSO-CL-TS-DH-01
80-DH-56092-01C02,FPSO-CL-TS-DH-01
80-DH-56106-01C02,FPSO-CL-TS-DH-01
80-DH-56107-01C02,FPSO-CL-TS-DH-01
80-DH-56126-01C02,FPSO-CL-TS-DH-01
80-DH-56127-01C02,FPSO-CL-TS-DH-01
80-DH-56128-01C02,FPSO-CL-TS-DH-01
80-DH-56140-01C02,FPSO-CL-TS-DH-01
80-FG-45028-03C02-E,FPSO-CL-TS-FG-02
80-FG-45045-06S01-E,FPSO-CL-TS-FG-03
80-FG-45046-03C02-E,FPSO-CL-TS-FG-02
80-FG-45050-03C02-E,FPSO-CL-TS-FG-02
80-FG-45053-03C02-E,FPSO-CL-TS-FG-02
80-FG-45058-03C02-E,FPSO-CL-TS-FG-02
80-FG-45303-03C03-P,FPSO-CL-TS-PG-03
80-FG-45306-03C03-P,FPSO-CL-TS-PG-03
80-FG-45453-01C02-P,FPSO-CL-TS-FG-07
80-FG-XXXXX-03C03,FPSO-CL-TS-FG-06
80-FH-43005-01C02,FPSO-CL-TS-FH-01
80-FH-43007-01C02,FPSO-CL-TS-FH-01
80-FH-43009-01C02,FPSO-CL-TS-FH-01
80-FH-43019-01C02,FPSO-CL-TS-FH-01
80-FH-43020-01C02,FPSO-CL-TS-FH-01
80-FH-43021-01C02,FPSO-CL-TS-FH-01
80-FH-43081-01C02,FPSO-CL-TS-FH-01
80-FH-43111-01C02,FPSO-CL-TS-FH-01
80-FH-43112-01C02,FPSO-CL-TS-FH-01
80-FH-43113-01C02,FPSO-CL-TS-FH-01
80-FH-43115-01C02,FPSO-CL-TS-FH-01
80-FH-43119-01C02,FPSO-CL-TS-FH-01
80-FH-43124-01C02,FPSO-CL-TS-FH-01
80-FH-43146-01C02,FPSO-CL-TS-FH-01
80-FH-43150-01C02,FPSO-CL-TS-FH-01
80-FH-43151-01C02,FPSO-CL-TS-FH-01
80-FH-43155-01C02,FPSO-CL-TS-FH-01
80-FH-43156-01C02,FPSO-CL-TS-FH-01
80-FH-43158-01C02,FPSO-CL-TS-FH-01
80-FH-43179-01C02,FPSO-CL-TS-FH-01
80-FH-43306-01C02,FPSO-CL-TS-FH-01
80-FH-43307-01C02,FPSO-CL-TS-FH-01
80-FH-43402-01C02,FPSO-CL-TS-RP-01
80-FH-XXXXX-03C03-P,FPSO-CL-TS-PG-01
80-FL-43015-01C02,FPSO-CL-TS-FL-01
80-FL-43091-01C02,FPSO-CL-TS-FL-01
80-FL-43171-01C02,FPSO-CL-TS-FL-01
80-FL-43460-01C02,FPSO-CL-TS-FL-01
80-OC-30801-1LC,FPSO-CL-MA-OC-03
80-OC-30802-1LC,FPSO-CL-MA-OC-03
80-OC-33907-XXX,FPSO-CL-MA-OC-02
80-OL-69003-01S01,FPSO-CL-TS-OL-01
80-OL-69004-01S01,FPSO-CL-TS-OL-01
80-PG-20026-03C03-P,FPSO-CL-TS-PG-01
80-PG-20027-03C03-P,FPSO-CL-TS-PG-01
80-PG-20044-03C03-P,FPSO-CL-TS-PG-01
80-PG-20045-03C03-P,FPSO-CL-TS-PG-01
80-PG-20046-03C03-P,FPSO-CL-TS-PG-01
80-PG-20047-03C03-P,FPSO-CL-TS-PG-01
80-PG-20053-01C03-P,FPSO-CL-TS-PG-01
80-PG-20061-01C03-P,FPSO-CL-TS-PG-01
80-PG-23025-06C03,FPSO-CL-TS-PG-01
80-PG-23029-25C02-P,FPSO-CL-TS-PG-08
80-PG-23046-06C03,FPSO-CL-TS-PG-01
80-PG-23050-25C02-P,FPSO-CL-TS-PG-08
80-PL-44008-01C02,FPSO-CL-TS-PL-01
80-PL-44017-01X01,FPSO-CL-TS-PW-03
80-PL-44031-01X01,FPSO-CL-TS-PW-03
80-PL-44513-01C02,FPSO-CL-TS-PL-01
80-PW-20024-01C03-P,FPSO-CL-TS-PW-02
80-PW-44001-01C02-P,FPSO-CL-TS-PW-01
80-PW-44011-01X01-P,FPSO-CL-TS-PW-03
80-PW-44016-01C02-P,FPSO-CL-TS-PW-01
80-PW-44024-01X01-P,FPSO-CL-TS-PW-03
80-PW-44032-01C02-P,FPSO-CL-TS-PW-01
80-PW-44033-01C02-P,FPSO-CL-TS-PW-01
80-PW-44034-01C02-P,FPSO-CL-TS-PW-01
80-PW-44035-01C02-P,FPSO-CL-TS-PW-01
80-PW-44036-01C02-P,FPSO-CL-TS-PW-01
80-SC-55002-01C02-P,FPSO-CL-TS-SD-02
80-VA-23060-01C02,FPSO-CL-TS-VA-01
80-VA-80015-01S01,FPSO-CL-TS-VA-02
80-WC-40058-01C02,FPSO-CL-TS-WC-01
80-WC-40059-01C02,FPSO-CL-TS-WC-01
80-WC-40064-01C02,FPSO-CL-TS-WC-01
80-WC-40068-01C02,FPSO-CL-TS-WC-01
80-WF-71006-01E01,RD-01
80-WF-71011-01E01,RD-01
80-WF-71020-01E01,RD-01
80-WF-71022-01E01,RD-01
80-WF-71024-01E01,RD-01
80-WF-71038-01E01,RD-01
80-WF-71041-01E01,RD-01
80-WF-71042-01E01,RD-01
80-WF-71306-01K01,FPSO-CL-TS-WF-01
80-WF-71310-01K01,FPSO-CL-TS-WF-01
80-WF-71311-01K01,FPSO-CL-TS-WF-01
80-WF-71319-01K01,FPSO-CL-TS-WF-01
80-WF-71320-01K01,FPSO-CL-TS-WF-01
80-WF-71321-01K01,FPSO-CL-TS-WF-01
80-WF-71322-01K01,FPSO-CL-TS-WF-01
80-WF-71324-01K01,FPSO-CL-TS-WF-01
80-WF-71338-01K01,FPSO-CL-TS-WF-01
80-WF-71340-01K01,FPSO-CL-TS-WF-01
80-WF-71341-01K01,FPSO-CL-TS-WF-01
80-WF-71342-01K01,FPSO-CL-TS-WF-01
80-WF-71400-01K01,FPSO-CL-TS-WF-01
D-100-WC-40057-01C02,FPSO-CL-TS-WC-01
D-25-DH-58451-01S01,FPSO-CL-TS-DH-02
D-25-VA-XXXXX-01S01,FPSO-CL-TS-VA-02
D-250-PW-XXXXX-03C03-P,FPSO-CL-TS-PW-02
D-50-DC-57400-01C03,FPSO-CL-TS-DC-02
D-50-DC-XXXXX-03C03,FPSO-CL-TS-DC-02
D-50-DH-56141-01C02,FPSO-CL-TS-DH-01
D-50-WF-71333-01K01,FPSO-CL-TS-WF-01
D-80-DH-56045-01C02,FPSO-CL-TS-DH-01
D-80-DH-56140-01C02,FPSO-CL-TS-DH-01
PSV-003,FPSO PSVs
PSV-004,FPSO PSVs
PSV-006,FPSO PSVs
PSV-008,FPSO PSVs
PSV-0140,WHP PSVs
PSV-0141,WHP PSVs
PSV-0142,WHP PSVs
PSV-0240,WHP PSVs
PSV-0241,WHP PSVs
PSV-0242,WHP PSVs
PSV-0340,WHP PSVs
PSV-0341,WHP PSVs
PSV-0342,WHP PSVs
PSV-0440,WHP PSVs
PSV-0441,WHP PSVs
PSV-0442,WHP PSVs
PSV-0601,FPSO PSVs
PSV-0602,FPSO PSVs
PSV-0603,FPSO PSVs
PSV-0604,FPSO PSVs
PSV-0605,FPSO PSVs
PSV-0606,FPSO PSVs
PSV-0607,FPSO PSVs
PSV-0608,FPSO PSVs
PSV-0609,FPSO PSVs
PSV-0610,FPSO PSVs
PSV-0611,FPSO PSVs
PSV-0612,FPSO PSVs
PSV-0613,FPSO PSVs
PSV-0614,FPSO PSVs
PSV-0615,FPSO PSVs
PSV-0616,FPSO PSVs
PSV-0617,FPSO PSVs
PSV-0618,FPSO PSVs
PSV-0619,FPSO PSVs
PSV-0620,FPSO PSVs
PSV-0621,FPSO PSVs
PSV-0622,FPSO PSVs
PSV-0623,FPSO PSVs
PSV-0624,FPSO PSVs
PSV-0625,FPSO PSVs
PSV-0626,FPSO PSVs
PSV-0627,FPSO PSVs
PSV-0628,FPSO PSVs
PSV-0629,FPSO PSVs
PSV-0630,FPSO PSVs
PSV-0631,FPSO PSVs
PSV-0632,FPSO PSVs
PSV-0633,FPSO PSVs
PSV-0634,FPSO PSVs
PSV-0635,FPSO PSVs
PSV-0636,FPSO PSVs
PSV-0637,FPSO PSVs
PSV-0638,FPSO PSVs
PSV-0639,FPSO PSVs
PSV-0640,FPSO PSVs
PSV-0641,FPSO PSVs
PSV-0642,FPSO PSVs
PSV-071A03,FPSO PSVs
PSV-0951,WHP PSVs
PSV-0956,WHP PSVs
PSV-0961,WHP PSVs
PSV-1323A,WHP PSVs
PSV-1323B,WHP PSVs
PSV-1330,WHP PSVs
PSV-1333A,WHP PSVs
PSV-1333B,WHP PSVs
PSV-1335,WHP PSVs
PSV-1342,WHP PSVs
PSV-1360,WHP PSVs
PSV-1361,WHP PSVs
PSV-1370,WHP PSVs
PSV-1380,WHP PSVs
PSV-1381,WHP PSVs
PSV-1390,WHP PSVs
PSV-2002,FPSO PSVs
PSV-2004,FPSO PSVs
PSV-2005A,FPSO PSVs
PSV-2005B,FPSO PSVs
PSV-2007,FPSO PSVs
PSV-2009,FPSO PSVs
PSV-2009A,FPSO PSVs
PSV-2009B,FPSO PSVs
PSV-2012A,FPSO PSVs
PSV-2012B,FPSO PSVs
PSV-2013,FPSO PSVs
PSV-2013A,FPSO PSVs
PSV-2013B,FPSO PSVs
PSV-2014A,FPSO PSVs
PSV-2014B,FPSO PSVs
PSV-2014C,FPSO PSVs
PSV-2017,FPSO PSVs
PSV-2018A,FPSO PSVs
PSV-2018B,FPSO PSVs
PSV-2021A,FPSO PSVs
PSV-2021B,FPSO PSVs
PSV-2022A,FPSO PSVs
PSV-2022B,FPSO PSVs
PSV-2037A,FPSO PSVs
PSV-2037B,FPSO PSVs
PSV-2037C,FPSO PSVs
PSV-2054,FPSO PSVs
PSV-2055,FPSO PSVs
PSV-2060,FPSO PSVs
PSV-2061,FPSO PSVs
PSV-2065A,FPSO PSVs
PSV-2065B,FPSO PSVs
PSV-2069A,FPSO PSVs
PSV-2069B,FPSO PSVs
PSV-2070,FPSO PSVs
PSV-2071,FPSO PSVs
PSV-2071B,FPSO PSVs
PSV-2072,FPSO PSVs
PSV-2300A,FPSO PSVs
PSV-2300B,FPSO PSVs
PSV-2302,FPSO PSVs
PSV-2302A,FPSO PSVs
PSV-2302B,FPSO PSVs
PSV-2306,FPSO PSVs
PSV-2307,FPSO PSVs
PSV-2310-VR952-03,FPSO PSVs
PSV-2311A,FPSO PSVs
PSV-2311B,FPSO PSVs
PSV-2312A,FPSO PSVs
PSV-2312B,FPSO PSVs
PSV-2321A,FPSO PSVs
PSV-2321B,FPSO PSVs
PSV-2322A,FPSO PSVs
PSV-2322B,FPSO PSVs
PSV-2332A,FPSO PSVs
PSV-2332B,FPSO PSVs
PSV-2334A,FPSO PSVs
PSV-2334B,FPSO PSVs
PSV-2339A,FPSO PSVs
PSV-2339B,FPSO PSVs
PSV-2344A,FPSO PSVs
PSV-2344B,FPSO PSVs
PSV-2360A,FPSO PSVs
PSV-2370,FPSO PSVs
PSV-2371,FPSO PSVs
PSV-2372,FPSO PSVs
PSV-2372-SDV,FPSO PSVs
PSV-2375,FPSO PSVs
PSV-2375-SDV,FPSO PSVs
PSV-2376,FPSO PSVs
PSV-2376-SDV,FPSO PSVs
PSV-2377,FPSO PSVs
PSV-2378,FPSO PSVs
PSV-2379,FPSO PSVs
PSV-2383,FPSO PSVs
PSV-2384,FPSO PSVs
PSV-2385,FPSO PSVs
PSV-2400A,FPSO PSVs
PSV-2400B,FPSO PSVs
PSV-2401A,FPSO PSVs
PSV-2401B,FPSO PSVs
PSV-3001,FPSO PSVs
PSV-3005,FPSO PSVs
PSV-3325,FPSO PSVs
PSV-3351,FPSO PSVs
PSV-3800A,FPSO PSVs
PSV-3800B,FPSO PSVs
PSV-3801A,FPSO PSVs
PSV-3801B,FPSO PSVs
PSV-3813A,FPSO PSVs
PSV-3813B,FPSO PSVs
PSV-3814,FPSO PSVs
PSV-3815,FPSO PSVs
PSV-3816,FPSO PSVs
PSV-3827,FPSO PSVs
PSV-3830,FPSO PSVs
PSV-3836,FPSO PSVs
PSV-3839,FPSO PSVs
PSV-4002A,FPSO PSVs
PSV-4002B,FPSO PSVs
PSV-4007A,FPSO PSVs
PSV-4007B,FPSO PSVs
PSV-4008A,FPSO PSVs
PSV-4008B,FPSO PSVs
PSV-4011A,FPSO PSVs
PSV-4011B,FPSO PSVs
PSV-4012A,FPSO PSVs
PSV-4012B,FPSO PSVs
PSV-4204A,FPSO PSVs
PSV-4204B,FPSO PSVs
PSV-4205A,FPSO PSVs
PSV-4205B,FPSO PSVs
PSV-4211,WHP PSVs
PSV-4213,WHP PSVs
PSV-4214,WHP PSVs
PSV-4215,WHP PSVs
PSV-4219A,FPSO PSVs
PSV-4219B,FPSO PSVs
PSV-4220A,FPSO PSVs
PSV-4220B,FPSO PSVs
PSV-4221,WHP PSVs
PSV-4223,WHP PSVs
PSV-4224,WHP PSVs
PSV-4225,WHP PSVs
PSV-4231,WHP PSVs
PSV-4232A,FPSO PSVs
PSV-4232B,FPSO PSVs
PSV-4233,WHP PSVs
PSV-4234,WHP PSVs
PSV-4235,WHP PSVs
PSV-4240A,FPSO PSVs
PSV-4240B,FPSO PSVs
PSV-4241,WHP PSVs
PSV-4243,WHP PSVs
PSV-4244,WHP PSVs
PSV-4245,WHP PSVs
PSV-4247A,FPSO PSVs
PSV-4247B,FPSO PSVs
PSV-4251,WHP PSVs
PSV-4253,WHP PSVs
PSV-4254,WHP PSVs
PSV-4254A,FPSO PSVs
PSV-4254B,FPSO PSVs
PSV-4255,WHP PSVs
PSV-4262A,FPSO PSVs
PSV-4262B,FPSO PSVs
PSV-4281,FPSO PSVs
PSV-4291,WHP PSVs
PSV-4292,WHP PSVs
PSV-4294,WHP PSVs
PSV-4314,FPSO PSVs
PSV-4360,FPSO PSVs
PSV-4361,FPSO PSVs
PSV-4362,FPSO PSVs
PSV-4363,FPSO PSVs
PSV-4400,FPSO PSVs
PSV-4402A,FPSO PSVs
PSV-4402B,FPSO PSVs
PSV-4403A,FPSO PSVs
PSV-4403B,FPSO PSVs
PSV-4404A,FPSO PSVs
PSV-4404B,FPSO PSVs
PSV-4408A,FPSO PSVs
PSV-4408B,FPSO PSVs
PSV-4410A,FPSO PSVs
PSV-4410B,FPSO PSVs
PSV-4420,FPSO PSVs
PSV-4420A,FPSO PSVs
PSV-4420B,FPSO PSVs
PSV-4421,FPSO PSVs
PSV-4502A,FPSO PSVs
PSV-4502B,FPSO PSVs
PSV-4504,FPSO PSVs
PSV-4505,FPSO PSVs
PSV-4506,FPSO PSVs
PSV-4513A,FPSO PSVs
PSV-4513B,FPSO PSVs
PSV-4514,FPSO PSVs
PSV-4515,FPSO PSVs
PSV-4601A,FPSO PSVs
PSV-4601B,FPSO PSVs
PSV-4605,FPSO PSVs
PSV-5301,FPSO PSVs
PSV-5320A,FPSO PSVs
PSV-5320B,FPSO PSVs
PSV-5323,FPSO PSVs
PSV-5327A,FPSO PSVs
PSV-5327B,FPSO PSVs
PSV-5330,FPSO PSVs
PSV-5501A,FPSO PSVs
PSV-5501B,FPSO PSVs
PSV-5502A,FPSO PSVs
PSV-5502B,FPSO PSVs
PSV-5531,FPSO PSVs
PSV-5533,FPSO PSVs
PSV-5535,FPSO PSVs
PSV-5536,FPSO PSVs
PSV-5543,FPSO PSVs
PSV-5546,FPSO PSVs
PSV-5712,WHP PSVs
PSV-5715,WHP PSVs
PSV-5722,WHP PSVs
PSV-5725,WHP PSVs
PSV-6101,FPSO PSVs
PSV-6208,WHP PSVs
PSV-6212,WHP PSVs
PSV-6220,FPSO PSVs
PSV-6221,FPSO PSVs
PSV-6254,FPSO PSVs
PSV-6255,FPSO PSVs
PSV-6256,FPSO PSVs
PSV-6301A,FPSO PSVs
PSV-6301B,FPSO PSVs
PSV-6302A,FPSO PSVs
PSV-6302B,FPSO PSVs
PSV-6303A,FPSO PSVs
PSV-6303B,FPSO PSVs
PSV-6304,FPSO PSVs
PSV-6305,FPSO PSVs
PSV-6306,FPSO PSVs
PSV-6326A,FPSO PSVs
PSV-6326B,FPSO PSVs
PSV-6327A,FPSO PSVs
PSV-6327B,FPSO PSVs
PSV-6353A,FPSO PSVs
PSV-6353B,FPSO PSVs
PSV-6353C,FPSO PSVs
PSV-6515,WHP PSVs
PSV-6520,FPSO PSVs
PSV-6525,WHP PSVs
PSV-6530,FPSO PSVs
PSV-6535,WHP PSVs
PSV-6540,FPSO PSVs
PSV-6542,WHP PSVs
PSV-6545,WHP PSVs
PSV-6550,FPSO PSVs
PSV-6551,WHP PSVs
PSV-6556,WHP PSVs
PSV-6560,FPSO PSVs
PSV-6701,FPSO PSVs
PSV-6702,FPSO PSVs
PSV-6703,FPSO PSVs
PSV-6704,FPSO PSVs
PSV-6715,FPSO PSVs
PSV-7101,FPSO PSVs
PSV-7102,FPSO PSVs
PSV-7103,FPSO PSVs
PSV-7104,FPSO PSVs
PSV-7106,FPSO PSVs
PSV-7120,FPSO PSVs
PSV-7131-1P,FPSO PSVs
PSV-7131-1S,FPSO PSVs
PSV-7131-2P,FPSO PSVs
PSV-7131-2S,FPSO PSVs
PSV-7131-6,FPSO PSVs
PSV-7131-8,FPSO PSVs
PSV-7132-1,FPSO PSVs
PSV-7132-17,FPSO PSVs
PSV-7132-2,FPSO PSVs
PSV-7132-4,FPSO PSVs
PSV-7132-5,FPSO PSVs
PSV-7132-6,FPSO PSVs
PSV-7132-67,FPSO PSVs
PSV-7132-7,FPSO PSVs
PSV-7132-8,FPSO PSVs
PSV-7139,FPSO PSVs
PSV-7140,FPSO PSVs
PSV-7218,FPSO PSVs
PSV-8011-VR952-01,FPSO PSVs
PSV-8012-VR952-02,FPSO PSVs
PSV-8601-01,FPSO PSVs
PSV-8601-02,FPSO PSVs
PSV-8601-03,FPSO PSVs
PSV-8601-04,FPSO PSVs
PSV-8601-05,FPSO PSVs
PSV-8602-01,FPSO PSVs
PSV-8602-02,FPSO PSVs
PSV-8602-03,FPSO PSVs
PSV-8602-04,FPSO PSVs
PSV-9003,FPSO PSVs
PSV-9004,FPSO PSVs
PSV-9005,FPSO PSVs
PSV-9006,FPSO PSVs
PSV-9740A-1,FPSO PSVs
PSV-9740A-2,FPSO PSVs
PSV-9740B-1,FPSO PSVs
PSV-9740B-2,FPSO PSVs
PSV-9801,FPSO PSVs
PSV-KB-002-HP,FPSO PSVs
PSV-KB-002-LP,FPSO PSVs
